<?xml version="1.0" encoding="utf-8"?>
<ProjectInfo>
	<Project Name="LightsOff_Wwise" GUID="{AEFC820B-AC99-441D-958F-B88DBA7D1268}" Generator="2022.1.1.8100"/>
	<CacheRoot>../../../../LightsOff_Wwise/.cache</CacheRoot>
	<Platforms>
		<Platform Name="Linux" GUID="{8D56E503-5B31-4724-B00F-6B52BFA38E5B}" BasePlatform="Linux" BasePlatformGUID="{BD0BDF13-3125-454F-8BFD-319537169F81}" Path="../../../../LightsOff_Wwise/GeneratedSoundBanks/Linux"/>
		<Platform Name="Mac" GUID="{1064CAB1-129B-4F2F-910F-102588BB17E1}" BasePlatform="Mac" BasePlatformGUID="{9C6217D5-DD11-4795-87C1-6CE02853C540}" Path="../../../../LightsOff_Wwise/GeneratedSoundBanks/Mac"/>
		<Platform Name="Windows" GUID="{31168FC4-C862-4DB9-8DB7-E9A507E0E894}" BasePlatform="Windows" BasePlatformGUID="{6E0CB257-C6C8-4C5C-8366-2740DFC441EB}" Path="../../../../LightsOff_Wwise/GeneratedSoundBanks/Windows"/>
	</Platforms>
	<Languages>
		<Language Name="English(US)" Id="684519430" GUID="{B04C5FD7-5F39-41A6-977D-09A36EA127E8}" Default="true" UseAsStandIn="true"/>
	</Languages>
	<FileHash>{EEE543D6-67BB-5E8C-2CF1-905F57062D79}</FileHash>
</ProjectInfo>
